{"test/sequencing.spec.ts > sequencing > should run hooks in an order":{"Latency P50":{"value":130.44240650000006},"Latency P75":{"value":134.21419425000033},"Latency P90":{"value":132.4397546999998},"Latency P99":{"value":149.2969958300004},"Latency P999":{"value":150.95901248300046},"Latency P01":{"value":167.23837714},"Latency P001":{"value":188.322731014},"Latency P0001":{"value":190.4311664014},"Throughput P50":{"value":0.007670016193596647},"Throughput P75":{"value":0.007454456480601017},"Throughput P90":{"value":0.007553075636322048},"Throughput P99":{"value":0.006699819085362087},"Throughput P999":{"value":0.006624580830868906},"Throughput P01":{"value":0.006209617459446561},"Throughput P001":{"value":0.005341271908924011},"Throughput P0001":{"value":0.005254437353871756},"Latency":{"value":134.91259039473687,"lower_value":121.41375100000005,"upper_value":190.665437},"Throughput":{"value":0.007412206652278552,"lower_value":0.005244789069977062,"upper_value":0.00823629936282917}},"test/sequencing.spec.ts > sequencing > should use global hooks":{"Latency P50":{"value":126.0602429999999},"Latency P75":{"value":121.47260249999908},"Latency P90":{"value":129.3435878000004},"Latency P99":{"value":122.88261727999968},"Latency P999":{"value":122.86678062799963},"Latency P01":{"value":138.24205277999994},"Latency P001":{"value":141.5973015780001},"Latency P0001":{"value":141.9328264578001},"Throughput P50":{"value":0.007932715154293338},"Throughput P75":{"value":0.008232516940229848},"Throughput P90":{"value":0.007732986694527162},"Throughput P99":{"value":0.008137847773652052},"Throughput P999":{"value":0.008138896454186575},"Throughput P01":{"value":0.007242431413123857},"Throughput P001":{"value":0.007063605835460382},"Throughput P0001":{"value":0.007045723277694035},"Latency":{"value":131.02352982051283,"lower_value":120.28290399999969,"upper_value":162.31774700000005},"Throughput":{"value":0.007632216910732636,"lower_value":0.006160755792156231,"upper_value":0.008313733429648511}},"test/sequencing.spec.ts > sequencing > should allow top level tests":{"Latency P50":{"value":118.95231199999944},"Latency P75":{"value":116.44576050000069},"Latency P90":{"value":118.3662202000007},"Latency P99":{"value":128.46260933999997},"Latency P999":{"value":128.6684579339997},"Latency P01":{"value":119.12576317999972},"Latency P001":{"value":118.02410901799955},"Latency P0001":{"value":117.91394360179955},"Throughput P50":{"value":0.008406730253380908},"Throughput P75":{"value":0.00858832338061186},"Throughput P90":{"value":0.008448740932034907},"Throughput P99":{"value":0.007784400345964312},"Throughput P999":{"value":0.007771918150021941},"Throughput P01":{"value":0.00839570913148046},"Throughput P001":{"value":0.008473048438065591},"Throughput P0001":{"value":0.008480782368724104},"Latency":{"value":118.09151730232558,"lower_value":114.29238500000065,"upper_value":128.69132999999965},"Throughput":{"value":0.008468008734614733,"lower_value":0.007770531239361678,"upper_value":0.00874948930324618}},"test/task-states.spec.ts > task-states > should contain skipped tests":{"Latency P50":{"value":124.61993149999967},"Latency P75":{"value":130.7963917500001},"Latency P90":{"value":127.39158700000054},"Latency P99":{"value":141.3998637099997},"Latency P999":{"value":145.07195937099942},"Latency P01":{"value":161.45049193},"Latency P001":{"value":184.879921993},"Latency P0001":{"value":187.22286499930001},"Throughput P50":{"value":0.008024816095748514},"Throughput P75":{"value":0.007645680518988359},"Throughput P90":{"value":0.007854069106941274},"Throughput P99":{"value":0.00708151744031649},"Throughput P999":{"value":0.006894570396716302},"Throughput P01":{"value":0.006483902029074257},"Throughput P001":{"value":0.005448820526282759},"Throughput P0001":{"value":0.00534531237600361},"Latency":{"value":128.055916825,"lower_value":115.44378000000006,"upper_value":187.48319200000003},"Throughput":{"value":0.0078090885981206976,"lower_value":0.005333811470417038,"upper_value":0.008662225024163273}},"test/task-states.spec.ts > task-states > should skip all tests but the only":{"Latency P50":{"value":127.58658650000052},"Latency P75":{"value":119.9110792499996},"Latency P90":{"value":123.18101140000108},"Latency P99":{"value":119.23004685000025},"Latency P999":{"value":118.786833885},"Latency P01":{"value":133.89200291000003},"Latency P001":{"value":137.15087329099978},"Latency P0001":{"value":137.47676032909976},"Throughput P50":{"value":0.00789042607795166},"Throughput P75":{"value":0.008339586056768532},"Throughput P90":{"value":0.008118262425035246},"Throughput P99":{"value":0.00838737086871031},"Throughput P999":{"value":0.008418476705634385},"Throughput P01":{"value":0.0074773921970843656},"Throughput P001":{"value":0.0072925764085205284},"Throughput P0001":{"value":0.007274094829664145},"Latency":{"value":126.25747377500008,"lower_value":113.69752999999946,"upper_value":148.1566499999999},"Throughput":{"value":0.0079203232101893,"lower_value":0.006749612656603674,"upper_value":0.008795265825035994}}}
